{
    "batchName": "",
    "batchTime": 1721011343,
    "boardConf": "IR-C80M00-00",
    "boardCustom": "",
    "boardName": "EL2086",
    "boardOptions": 6401,
    "boardRev": "R3M2E3",
    "cameraData": [
        [
            2,
            {
                "cameraType": 0,
                "distortionCoeff": [
                    30.908489227294922,
                    -50.89744186401367,
                    0.0001924592215800658,
                    -0.00031261646654456854,
                    28.168533325195313,
                    30.18596839904785,
                    -48.703643798828125,
                    26.519817352294922,
                    0.0,
                    0.0,
                    0.0,
                    0.0,
                    0.006828696001321077,
                    -0.009860130958259106
                ],
                "extrinsics": {
                    "rotationMatrix": [
                        [
                            0.9984007477760315,
                            0.0015758100198581815,
                            0.056510936468839645
                        ],
                        [
                            -0.0030122462194412947,
                            0.9996742606163025,
                            0.025342566892504692
                        ],
                        [
                            -0.05645259469747543,
                            -0.025472261011600494,
                            0.998080313205719
                        ]
                    ],
                    "specTranslation": {
                        "x": -1.7381999492645264,
                        "y": 0.0,
                        "z": 0.0
                    },
                    "toCameraSocket": 0,
                    "translation": {
                        "x": -1.7157143354415894,
                        "y": -0.025803938508033752,
                        "z": 0.026885097846388817
                    }
                },
                "height": 800,
                "intrinsicMatrix": [
                    [
                        801.1552124023438,
                        0.0,
                        688.1438598632813
                    ],
                    [
                        0.0,
                        800.8634643554688,
                        417.46575927734375
                    ],
                    [
                        0.0,
                        0.0,
                        1.0
                    ]
                ],
                "lensPosition": 0,
                "specHfovDeg": 71.86000061035156,
                "width": 1280
            }
        ],
        [
            1,
            {
                "cameraType": 0,
                "distortionCoeff": [
                    27.386810302734375,
                    -40.643714904785156,
                    0.00039548336644656956,
                    -3.224740794394165e-05,
                    20.249134063720703,
                    26.60224151611328,
                    -38.36262130737305,
                    18.579010009765625,
                    0.0,
                    0.0,
                    0.0,
                    0.0,
                    -0.011481327004730701,
                    -0.0014127158792689443
                ],
                "extrinsics": {
                    "rotationMatrix": [
                        [
                            0.9996799826622009,
                            -0.000709346029907465,
                            -0.025287093594670296
                        ],
                        [
                            -1.2814808542316314e-05,
                            0.9995924830436707,
                            -0.028546879068017006
                        ],
                        [
                            0.02529703825712204,
                            0.028538068756461143,
                            0.9992725253105164
                        ]
                    ],
                    "specTranslation": {
                        "x": -2.0,
                        "y": 0.0,
                        "z": 0.0
                    },
                    "toCameraSocket": 2,
                    "translation": {
                        "x": -2.004031181335449,
                        "y": -0.010995429940521717,
                        "z": -0.13727186620235443
                    }
                },
                "height": 800,
                "intrinsicMatrix": [
                    [
                        803.5169677734375,
                        0.0,
                        674.5689697265625
                    ],
                    [
                        0.0,
                        803.0230102539063,
                        404.9148254394531
                    ],
                    [
                        0.0,
                        0.0,
                        1.0
                    ]
                ],
                "lensPosition": 0,
                "specHfovDeg": 71.86000061035156,
                "width": 1280
            }
        ],
        [
            0,
            {
                "cameraType": 0,
                "distortionCoeff": [
                    -8.55105972290039,
                    24.941362380981445,
                    -7.637042290298268e-05,
                    0.0003253022732678801,
                    22.889070510864258,
                    -8.516190528869629,
                    24.396406173706055,
                    24.882112503051758,
                    0.0,
                    0.0,
                    0.0,
                    0.0,
                    0.001177781610749662,
                    0.003078993409872055
                ],
                "extrinsics": {
                    "rotationMatrix": [
                        [
                            0.0,
                            0.0,
                            0.0
                        ],
                        [
                            0.0,
                            0.0,
                            0.0
                        ],
                        [
                            0.0,
                            0.0,
                            0.0
                        ]
                    ],
                    "specTranslation": {
                        "x": -0.0,
                        "y": -0.0,
                        "z": -0.0
                    },
                    "toCameraSocket": -1,
                    "translation": {
                        "x": 0.0,
                        "y": 0.0,
                        "z": 0.0
                    }
                },
                "height": 480,
                "intrinsicMatrix": [
                    [
                        471.2909851074219,
                        0.0,
                        317.7197265625
                    ],
                    [
                        0.0,
                        471.1495361328125,
                        249.17613220214844
                    ],
                    [
                        0.0,
                        0.0,
                        1.0
                    ]
                ],
                "lensPosition": 0,
                "specHfovDeg": 71.86000061035156,
                "width": 640
            }
        ]
    ],
    "deviceName": "",
    "hardwareConf": "F1-FV00-BC000",
    "housingExtrinsics": {
        "rotationMatrix": [
            [
                0.9999889135360718,
                0.0042768786661326885,
                -0.001979734981432557
            ],
            [
                -0.004268549848347902,
                0.9999821186065674,
                0.0041923681274056435
            ],
            [
                0.0019976296462118626,
                -0.004183870740234852,
                0.9999892711639404
            ]
        ],
        "specTranslation": {
            "x": 0.0,
            "y": 0.0,